id;apellido1;apellido2;nombre;movil;email
1001;Alfonso;Martin;David;609251201;david@java.eoi.es
1002;Alonso;García;Hugo José;609251202;hugojose@java.eoi.es
1003;Bilbao;Fornell;Daniel;609251203;daniel@java.eoi.es
1004;Bonilla;Alvarado;Manuel;609251204;manuel@java.eoi.es
1005;Checa;Ruiz;Sandra;609251205;sandra@java.eoi.es
1006;Díaz;Reyes;Melchor;609251206;melchor@java.eoi.es
1007;García;Ramírez;Antonio;609251207;antonio@java.eoi.es
1008;Gómez;Gómez;Alejandro;609251208;alejandro@java.eoi.es
1009;Gómez;Penagos;Santiago;609251209;santiago@java.eoi.es
1010;Jiménez;Morán;Lorena;609251210;lorena@java.eoi.es
1011;Laz;Ruiz;Pablo;609251211;pablo@java.eoi.es
1012;Lima;Rojas;Marta;609251212;marta@java.eoi.es
1013;Mañas;Gutiérrez;Iván;609251213;ivan@java.eoi.es
1014;Martel;Cortijo;Adrián;609251214;adrian@java.eoi.es
1015;Martinez;Moron;Alexander;609251215;alexander@java.eoi.es
1016;Molero;Molina;Laura;609251216;laura@java.eoi.es
1017;Ortega;De;Diego;609251217;diego@java.eoi.es
1018;Pérez;Ranchal;Salvador;609251218;salvador@java.eoi.es
1019;Pinto;Pajares;David;609251219;david@java.eoi.es
1020;Romero;Palacios;Juan José;609251220;juanjose@java.eoi.es
1021;Saponi;Carmona;Alejandro;609251221;alejandro@java.eoi.es
1022;Tasset;González;Santiago;609251222;santiago@java.eoi.es
1023;Valverde;Marcos;Alba;609251223;alba@java.eoi.es
